first name,last name,gender,age,zip code,education,role,salary
Laura,Patterson,Female,38,48236,Doctorate,Compensation and Benefits Specialist,38000
Kenneth,Harris,Male,42,48168,Masters,Manager,62000
Robert,Colon,Male,45,48138,Masters,Training and Development Specialist,37000
Matthew,Martin,Male,35,48199,Masters,Software Engineer,40000
Joseph,Murphy,Male,38,48161,High School Graduate,Training and Development Specialist,35000
David,Cisneros,Male,34,48138,Bachelors,Customer Service Representative,36000
Zachary,Williams,Male,43,48188,Bachelors,Finance Analyst,47000
Shannon,Morrison,Female,56,48276,Bachelors,Finance Analyst,49000
James,Campbell,Male,66,48188,Masters,Manager,76000
Megan,Bryant,Female,34,48263,Masters,Executive Assistant,39000
Michael,Stanley,Male,64,48280,High School Graduate,Project Manager,57000
Casey,Tate,Male,47,48169,Masters,Legal Consultant,53000
William,Montes,Male,62,48241,Bachelors,Accountant,54000
Lisa,Williams,Female,64,48157,Bachelors,Accountant,52000
April,Anderson,Female,38,48249,Masters,Data Analyst,41000
Teresa,Turner,Female,30,48211,Masters,Administrative Assistant,37000
Jacob,Villanueva,Male,55,48276,High School Graduate,Project Manager,56000
Ernest,Dunn,Male,29,48260,Bachelors,Compensation and Benefits Specialist,35000
Jeffrey,Brown,Male,51,48229,Masters,Project Manager,60000
Kevin,Anthony,Male,25,48252,Bachelors,Sales Support Specialist,33000
Brooke,Walker,Female,45,48127,Masters,Training and Development Specialist,36000
Jennifer,Johnson,Female,53,48154,High School Graduate,Customer Service Representative,42000
Jonathan,Meyers,Male,45,48238,Bachelors,Data Analyst,46000
Matthew,Ferguson,Male,46,48235,Bachelors,Finance Analyst,45000
Sarah,Hernandez,Female,60,48209,High School Graduate,Marketing Specialist,46000
Keith,Brooks,Male,51,48133,High School Graduate,Data Analyst,48000
Kyle,Rodriguez,Male,64,48149,High School Graduate,Manager,67000
Reginald,Davis,Male,41,48168,Masters,Sales Support Specialist,39000
Carol,Aguirre,Female,53,48216,Masters,Project Manager,55000
Theresa,Hamilton,Female,38,48205,Bachelors,Administrative Assistant,41000
Jason,Sanchez,Male,40,48241,Bachelors,Marketing Specialist,39000
Donald,Williamson,Male,36,48156,High School Graduate,Marketing Specialist,37000
Christopher,Wilson,Male,24,48224,Bachelors,Administrative Assistant,36000
Jesus,Martin,Male,47,48149,Masters,Software Engineer,47000
Matthew,Nicholson,Male,41,48176,Masters,Marketing Specialist,39000
Richard,Castillo,Male,32,48256,Masters,Executive Assistant,38000
Gregory,Graham,Male,40,48250,High School Graduate,Executive Assistant,41000
Abigail,Marquez,Female,49,48265,High School Graduate,IT Specialist,45000
Erin,Flores,Female,29,48281,Masters,Legal Consultant,48000
Bobby,West,Male,26,48131,High School Graduate,Customer Service Representative,34000
Kevin,Myers,Male,41,48199,Bachelors,Customer Service Representative,38000
Sheila,Nunez,Female,50,48183,Masters,Sales Representative,41000
David,Fox,Male,67,48278,Masters,Manager,76000
Susan,Meyer,Female,32,48260,Bachelors,Executive Assistant,39000
Lindsey,Brown,Female,62,48275,Bachelors,Team Leader,66000
John,Murray,Male,30,48280,High School Graduate,Marketing Specialist,36000
James,Fisher,Male,56,48169,High School Graduate,Manager,68000
Lauren,Ryan,Female,26,48228,High School Graduate,Training and Development Specialist,30000
John,Martin,Male,33,48247,High School Graduate,Customer Service Representative,36000
Jeremy,Schmitt,Male,49,48214,Masters,Legal Consultant,52000
Jennifer,Johnson,Female,34,48237,Masters,Marketing Specialist,38000
April,Nichols,Female,46,48272,High School Graduate,Training and Development Specialist,38000
Anthony,Davis,Male,36,48139,Masters,Customer Service Representative,36000
Ashley,Gibson,Female,34,48152,Bachelors,Marketing Specialist,36000
Wendy,Washington,Female,44,48228,High School Graduate,Customer Service Representative,39000
Jimmy,Kim,Male,54,48168,Bachelors,Project Manager,57000
Kathryn,West,Female,50,48171,Masters,Software Engineer,43000
Nicholas,Hurst,Male,37,48151,High School Graduate,Human Resource Recruiter,32000
Michael,Henderson,Male,30,48206,Bachelors,IT Specialist,37000
Matthew,Blankenship,Male,33,48282,Bachelors,Accountant,43000
Brittany,Young,Female,27,48151,High School Graduate,Compensation and Benefits Specialist,35000
Manuel,Mcdaniel,Male,46,48276,Masters,Project Manager,58000
Maria,Chapman,Female,49,48146,Masters,Human Resource Recruiter,38000
Sandra,Mendoza,Female,32,48139,High School Graduate,Human Resource Recruiter,29000
Rhonda,Rivers,Female,37,48159,High School Graduate,Finance Analyst,43000
Jeffrey,Trevino,Male,25,48284,High School Graduate,Sales Representative,32000
Michelle,Oneal,Female,64,48158,Doctorate,Manager,68000
Amber,Gentry,Female,58,48225,Bachelors,Team Leader,61000
Randall,Rivers,Male,48,48139,Masters,Sales Representative,42000
William,Mitchell,Male,51,48243,Masters,Human Resource Recruiter,40000
Michael,Thomas,Male,42,48145,Masters,Project Manager,55000
Linda,Gillespie,Female,42,48166,High School Graduate,Accountant,44000
Cheryl,Bailey,Female,50,48264,Bachelors,Project Manager,51000
Bobby,Lee,Male,26,48259,Bachelors,Training and Development Specialist,32000
Christine,Davis,Female,35,48282,Masters,Team Leader,54000
Zoe,Clay,Female,26,48205,High School Graduate,Administrative Assistant,37000
Julie,Manning,Female,39,48222,High School Graduate,Compensation and Benefits Specialist,38000
Michael,Boyd,Male,40,48245,Bachelors,Project Manager,54000
Jessica,Beck,Female,34,48242,High School Graduate,Marketing Specialist,36000
Justin,Adams,Male,45,48166,Masters,Manager,66000
Jackson,Burton,Male,42,48181,Bachelors,Compensation and Benefits Specialist,40000
Mark,Clark,Male,32,48165,High School Graduate,Administrative Assistant,37000
Lisa,Golden,Female,51,48244,Bachelors,Team Leader,64000
Shelby,Pearson,Female,27,48224,High School Graduate,Customer Service Representative,35000
Andrea,Henderson,Female,51,48159,Doctorate,Manager,68000
Ann,Brown,Female,29,48249,High School Graduate,Software Engineer,35000
Dawn,Bryant,Female,35,48220,Masters,Data Analyst,41000
Peter,Fuller,Male,45,48266,Masters,Sales Support Specialist,40000
Diane,Neal,Female,55,48224,Masters,Project Manager,59000
Katie,Romero,Female,32,48144,High School Graduate,Sales Representative,34000
Dennis,Alexander,Male,35,48243,High School Graduate,Team Leader,58000
Gloria,Barber,Female,37,48170,High School Graduate,Human Resource Recruiter,34000
John,Griffin,Male,49,48277,Masters,Accountant,48000
John,Castillo,Male,58,48128,Masters,Finance Analyst,53000
Melissa,Cortez,Female,49,48231,Bachelors,Sales Support Specialist,41000
Robert,Sullivan,Male,35,48236,Masters,Legal Consultant,46000
Ricky,Oconnell,Male,61,48263,Doctorate,Team Leader,68000
Willie,Le,Male,37,48273,High School Graduate,Compensation and Benefits Specialist,36000
Austin,Boone,Male,25,48249,Masters,Software Engineer,39000
Russell,Smith,Male,31,48272,High School Graduate,Sales Support Specialist,36000
Erin,Morris,Female,58,48242,Masters,Project Manager,61000
Patrick,Bishop,Male,53,48204,Masters,Legal Consultant,56000
Diane,Lopez,Female,53,48255,High School Graduate,Sales Representative,43000
Caroline,Davis,Female,56,48187,Bachelors,Project Manager,53000
Rachel,Walls,Female,49,48141,High School Graduate,Project Manager,53000
Colleen,Mcgee,Female,56,48134,Masters,Project Manager,57000
Tiffany,Lee,Female,64,48131,Masters,Project Manager,61000
Laura,Gonzales,Female,24,48234,Bachelors,Marketing Specialist,32000
William,Kane,Male,47,48137,Bachelors,Project Manager,51000
Alan,Harris,Male,43,48202,Bachelors,Human Resource Recruiter,38000
Ryan,Andrews,Male,58,48236,Bachelors,Team Leader,64000
Joseph,Pacheco,Male,60,48238,Masters,Training and Development Specialist,42000
Phillip,Blevins,Male,58,48200,High School Graduate,Project Manager,60000
Erin,Williams,Female,52,48170,Masters,Project Manager,53000
Michael,Williams,Male,60,48190,Masters,Data Analyst,50000
Keith,Heath,Male,55,48140,High School Graduate,Sales Representative,43000
Jennifer,Burke,Female,36,48189,Masters,Administrative Assistant,39000
Carolyn,Moore,Female,28,48235,Bachelors,Sales Support Specialist,34000
Larry,Lin,Male,36,48250,Masters,Software Engineer,45000
Zoe,Johnson,Female,24,48260,Masters,Sales Support Specialist,34000
Thomas,Dixon,Male,47,48265,Masters,Manager,69000
Gregory,Sanders,Male,40,48207,High School Graduate,Administrative Assistant,42000
Laura,Bailey,Female,55,48247,Bachelors,Accountant,48000
Charles,Glenn,Male,25,48281,Masters,Compensation and Benefits Specialist,32000
Michelle,Bishop,Female,44,48196,High School Graduate,Accountant,46000
Nathan,Andersen,Male,30,48161,High School Graduate,Human Resource Recruiter,29000
Carrie,Holloway,Female,24,48242,High School Graduate,Marketing Specialist,32000
Samantha,Cooper,Female,33,48231,Bachelors,Accountant,40000
Justin,Ellis,Male,27,48195,Masters,Data Analyst,41000
Cheyenne,Reynolds,Female,56,48140,Bachelors,Manager,69000
Christian,Randolph,Male,30,48281,High School Graduate,Customer Service Representative,35000
Cody,Walters,Male,44,48218,Masters,Team Leader,59000
Laura,Villegas,Female,50,48191,Masters,Marketing Specialist,42000
Rebecca,Ward,Female,59,48197,High School Graduate,Project Manager,56000
Jamie,Williams,Female,47,48240,High School Graduate,IT Specialist,43000
Anthony,Collins,Male,50,48167,Masters,Finance Analyst,47000
Tiffany,Williams,Female,58,48140,Masters,IT Specialist,48000
Cassandra,Fields,Female,51,48142,High School Graduate,Customer Service Representative,42000
Isaac,Lopez,Male,60,48192,Bachelors,Team Leader,65000
Theresa,Williams,Female,58,48145,Masters,IT Specialist,48000
Linda,Patterson,Female,41,48273,Bachelors,Marketing Specialist,38000
Gregory,Lee,Male,46,48213,High School Graduate,Training and Development Specialist,37000
Christopher,Sullivan,Male,54,48252,High School Graduate,Accountant,47000
Paul,Mcdonald,Male,37,48191,Bachelors,Administrative Assistant,41000
Paula,Johns,Female,39,48185,Bachelors,Human Resource Recruiter,33000
Christopher,Hobbs,Male,48,48155,High School Graduate,Team Leader,59000
Lauren,Fisher,Female,50,48266,Masters,Sales Support Specialist,41000
Jose,Wu,Male,59,48168,Masters,Human Resource Recruiter,40000
Jenna,Davis,Female,46,48207,High School Graduate,Manager,66000
Tina,Wilson,Female,25,48279,Masters,Data Analyst,41000
Brian,Griffith,Male,43,48257,Masters,Project Manager,51000
Eric,Roberts,Male,44,48287,Masters,Legal Consultant,53000
Matthew,Snow,Male,46,48139,Masters,Human Resource Recruiter,34000
Gregory,Solomon,Male,61,48237,Masters,Legal Consultant,54000
Lisa,Franklin,Female,48,48276,Bachelors,Project Manager,56000
Kim,Smith,Female,36,48278,High School Graduate,Compensation and Benefits Specialist,37000
Christopher,Rhodes,Male,58,48265,Masters,Project Manager,54000
Melissa,Davis,Female,47,48164,Masters,Manager,61000
Mark,Wells,Male,47,48232,High School Graduate,IT Specialist,44000
Laura,Ross,Female,58,48287,Bachelors,Project Manager,57000
Daniel,Kelly,Male,55,48134,High School Graduate,Finance Analyst,52000
Wayne,Lopez,Male,37,48225,Masters,Team Leader,56000
Shannon,Schmidt,Female,27,48253,Masters,Data Analyst,41000
Benjamin,Shepherd,Male,55,48138,Masters,Human Resource Recruiter,41000
Alicia,Hood,Female,27,48155,Bachelors,Executive Assistant,36000
Gina,Sellers,Female,24,48185,High School Graduate,Sales Support Specialist,33000
Monica,Howard,Female,56,48232,Masters,Software Engineer,53000
Mario,Hatfield,Male,58,48225,Bachelors,Accountant,53000
Carolyn,Harris,Female,57,48246,Doctorate,Project Manager,59000
Dylan,Hoover,Male,68,48266,Masters,Manager,74000
David,Sanchez,Male,55,48209,Masters,Project Manager,54000
Lucas,Richards,Male,59,48183,Bachelors,Finance Analyst,49000
Jason,Arnold,Male,27,48155,High School Graduate,IT Specialist,36000
Amanda,Smith,Female,59,48196,Masters,Project Manager,59000
Alexander,Brown,Male,51,48266,High School Graduate,Marketing Specialist,42000
Patricia,Werner,Female,41,48159,High School Graduate,Finance Analyst,45000
Caleb,Cruz,Male,26,48233,Masters,Sales Support Specialist,33000
Adrian,Hamilton,Male,37,48264,High School Graduate,Finance Analyst,46000
Matthew,Weber,Male,37,48132,Masters,Software Engineer,39000
Stephanie,Arnold,Female,33,48148,Masters,Human Resource Recruiter,34000
Amy,Bennett,Female,42,48146,Masters,Manager,67000
Jimmy,Rogers,Male,57,48254,High School Graduate,Accountant,49000
Amanda,Burton,Female,28,48272,Masters,Data Analyst,41000
John,Fletcher,Male,52,48146,Masters,Finance Analyst,48000
Holly,Jones,Female,44,48241,Masters,Software Engineer,43000
Deborah,Thompson,Female,43,48237,Masters,Team Leader,55000
Joe,Hernandez,Male,42,48163,High School Graduate,Sales Representative,40000
Blake,Warren,Male,32,48179,High School Graduate,Compensation and Benefits Specialist,34000
Brenda,Garcia,Female,33,48227,High School Graduate,Sales Representative,37000
Barbara,Thornton,Female,41,48197,Doctorate,Project Manager,54000
Robert,Pacheco,Male,25,48255,High School Graduate,Sales Support Specialist,32000
Kenneth,Reid,Male,48,48205,Masters,Team Leader,60000
Paul,Patterson,Male,23,48239,High School Graduate,Customer Service Representative,34000
Katrina,Marquez,Female,27,48168,High School Graduate,Marketing Specialist,33000
Madison,Lynch,Female,39,48282,Bachelors,Accountant,46000
Matthew,Nichols,Male,46,48139,Bachelors,Sales Support Specialist,41000
Cindy,Torres,Female,48,48228,Bachelors,Accountant,48000
Michael,Barnes,Male,56,48233,High School Graduate,Finance Analyst,49000
Scott,Brooks,Male,53,48264,Masters,Human Resource Recruiter,40000
Maureen,Wilson,Female,53,48136,Masters,Training and Development Specialist,41000
Elizabeth,Rosales,Female,64,48146,High School Graduate,Accountant,51000
Casey,Garrett,Female,64,48264,Masters,Project Manager,58000
Alyssa,Lynch,Female,67,48259,Masters,Legal Consultant,60000
Jocelyn,Lam,Female,44,48189,Masters,Compensation and Benefits Specialist,41000
Samantha,Mejia,Female,24,48161,Masters,Customer Service Representative,32000
Gina,Caldwell,Female,27,48145,Bachelors,Software Engineer,34000
Christopher,Burns,Male,54,48239,Bachelors,Team Leader,66000
Jean,Harrison,Female,58,48154,High School Graduate,Project Manager,59000
Denise,Lewis,Female,57,48262,Masters,Accountant,50000
Joseph,Valdez,Male,43,48178,High School Graduate,Sales Representative,41000
Justin,Benton,Male,38,48127,Bachelors,Human Resource Recruiter,32000
Justin,Hernandez,Male,35,48232,Masters,Finance Analyst,43000
Maria,Stewart,Female,40,48155,Bachelors,Team Leader,56000
Teresa,Anderson,Female,49,48214,Bachelors,Software Engineer,49000
Judith,Nunez,Female,45,48194,High School Graduate,IT Specialist,43000
Wayne,Boyd,Male,41,48190,High School Graduate,Marketing Specialist,38000
James,Parsons,Male,45,48188,Bachelors,Manager,62000
Rachel,Mcintyre,Female,45,48157,Bachelors,Accountant,44000
Nathan,Anderson,Male,64,48209,Masters,Project Manager,62000
Wendy,Arias,Female,56,48218,Bachelors,Finance Analyst,48000
Jeffrey,Hopkins,Male,49,48265,Masters,Customer Service Representative,41000
Ruben,Rangel,Male,42,48273,Masters,Project Manager,52000
Miranda,Davis,Female,33,48162,High School Graduate,Sales Support Specialist,36000
Andrea,Diaz,Female,36,48151,High School Graduate,Training and Development Specialist,34000
Joy,Collins,Female,54,48284,Masters,Training and Development Specialist,40000
Paul,Gallagher,Male,55,48163,Doctorate,Customer Service Representative,45000
James,Wolfe,Male,26,48193,Bachelors,Executive Assistant,35000
Corey,Bean,Male,61,48203,Masters,Legal Consultant,57000
David,Moore,Male,40,48266,Bachelors,Sales Support Specialist,38000
Janet,Roy,Female,41,48256,Bachelors,Software Engineer,40000
Linda,Parks,Female,36,48256,Doctorate,Data Analyst,41000
Robert,Cruz,Male,33,48211,Bachelors,Finance Analyst,43000
Tina,Archer,Female,38,48151,Doctorate,Sales Support Specialist,39000
Joseph,Curry,Male,41,48149,Bachelors,Human Resource Recruiter,37000
Scott,Vargas,Male,42,48161,Doctorate,Data Analyst,45000
Carlos,Douglas,Male,29,48237,Doctorate,Software Engineer,42000
Jesus,Dickerson,Male,33,48252,Bachelors,Training and Development Specialist,33000
Christine,Smith,Female,48,48138,Bachelors,Software Engineer,40000
Cassidy,Jackson,Female,32,48139,High School Graduate,Sales Support Specialist,36000
James,Clark,Male,40,48130,Doctorate,Training and Development Specialist,36000
Felicia,Chapman,Female,38,48185,Bachelors,Sales Support Specialist,39000
Brittney,Washington,Female,53,48258,Bachelors,Project Manager,58000
Henry,Smith,Male,27,48173,High School Graduate,Compensation and Benefits Specialist,33000
Megan,Mason,Female,27,48275,Bachelors,Software Engineer,39000
Ricardo,Mcdowell,Male,53,48273,High School Graduate,IT Specialist,46000
Anthony,Klein,Male,58,48273,Bachelors,Data Analyst,50000
Joe,Sawyer,Male,52,48250,Masters,Legal Consultant,54000
Brian,Roberson,Male,59,48187,Bachelors,Data Analyst,50000
Jessica,Davis,Female,47,48161,Bachelors,Manager,60000
Julia,Wiley,Female,29,48165,Masters,Data Analyst,41000
Angel,Gray,Female,59,48242,Doctorate,Project Manager,62000
Angela,Smith,Female,40,48151,High School Graduate,Team Leader,56000
Ronald,Pierce,Male,52,48212,High School Graduate,Team Leader,63000
Laura,Lam,Female,54,48179,High School Graduate,IT Specialist,46000
Bradley,Blackburn,Male,35,48245,Bachelors,Administrative Assistant,39000
Paul,Rosales,Male,45,48253,Bachelors,Software Engineer,48000
Robert,Long,Male,41,48266,Masters,Marketing Specialist,38000
Allison,Bright,Female,58,48206,Bachelors,Finance Analyst,52000
Mark,Dawson,Male,39,48256,Masters,Compensation and Benefits Specialist,38000
Melissa,Evans,Female,42,48266,High School Graduate,Team Leader,60000
Matthew,Hayes,Male,26,48228,High School Graduate,Administrative Assistant,36000
Darrell,Porter,Male,26,48241,Bachelors,Training and Development Specialist,31000
Julie,Turner,Female,57,48223,Bachelors,Team Leader,59000
Nicole,Stout,Female,36,48230,Masters,Legal Consultant,49000
Linda,Johnson,Female,38,48225,High School Graduate,Compensation and Benefits Specialist,37000
Joshua,Mccoy,Male,23,48239,Masters,Customer Service Representative,34000
Robert,Turner,Male,52,48221,High School Graduate,Training and Development Specialist,38000
Cynthia,Brooks,Female,54,48262,High School Graduate,Team Leader,60000
Christopher,Chan,Male,55,48241,Masters,Project Manager,57000
Alexander,Cunningham,Male,53,48206,Masters,Project Manager,57000
Sandra,Johnson,Female,30,48205,Masters,Training and Development Specialist,33000
Carly,Braun,Female,57,48215,Doctorate,Project Manager,60000
Elizabeth,Tate,Female,44,48208,Bachelors,Project Manager,58000
Allen,Owens,Male,63,48143,Bachelors,Project Manager,61000
Andrew,Sanchez,Male,50,48260,Bachelors,Training and Development Specialist,40000
Alicia,Shelton,Female,25,48227,High School Graduate,IT Specialist,36000
Jordan,Bell,Female,56,48174,Bachelors,IT Specialist,47000
Jennifer,Frazier,Female,49,48150,Bachelors,Compensation and Benefits Specialist,40000
Deanna,Moore,Female,43,48142,Bachelors,Team Leader,61000
Amanda,Valdez,Female,57,48195,Masters,Training and Development Specialist,42000
Mary,Allen,Female,34,48160,Masters,Data Analyst,45000
Kaylee,Montes,Female,53,48282,High School Graduate,Human Resource Recruiter,39000
John,Miranda,Male,36,48150,High School Graduate,Customer Service Representative,37000
Gregory,Arnold,Male,28,48272,High School Graduate,Software Engineer,37000
Peggy,Wolfe,Female,54,48273,High School Graduate,Customer Service Representative,45000
Kyle,Phillips,Male,38,48130,High School Graduate,Marketing Specialist,39000
Amy,Olson,Female,54,48236,Bachelors,Customer Service Representative,43000
Nathan,Ward,Male,37,48244,Bachelors,Administrative Assistant,40000
Nicholas,Ruiz,Male,56,48276,Masters,Marketing Specialist,44000
Benjamin,Carpenter,Male,51,48236,Masters,Data Analyst,46000
Kimberly,Morris,Female,51,48196,Bachelors,Data Analyst,47000
Curtis,Duke,Male,46,48279,High School Graduate,Compensation and Benefits Specialist,41000
Kevin,Ramsey,Male,48,48218,Bachelors,Training and Development Specialist,37000
Andrew,Quinn,Male,51,48285,Masters,Project Manager,54000
Candice,Webb,Female,52,48130,Doctorate,Accountant,49000
James,Price,Male,39,48197,Doctorate,Human Resource Recruiter,35000
Richard,Harris,Male,45,48209,Masters,Accountant,48000
Theresa,Horn,Female,38,48284,Masters,Customer Service Representative,38000
Katherine,Walter,Female,47,48201,High School Graduate,Finance Analyst,49000
Joshua,Hull,Male,54,48260,Bachelors,Team Leader,63000
John,Levine,Male,49,48219,Masters,Sales Support Specialist,42000
Patrick,Barrett,Male,47,48264,Masters,Compensation and Benefits Specialist,40000
Zachary,Dominguez,Male,36,48163,High School Graduate,Customer Service Representative,37000
Danielle,Holland,Female,52,48148,Masters,Sales Representative,42000
Christopher,Sullivan,Male,33,48288,High School Graduate,Customer Service Representative,37000
Michele,Lee,Female,34,48232,High School Graduate,Training and Development Specialist,34000
Jay,Perez,Male,39,48204,Bachelors,Administrative Assistant,42000
Jason,Hall,Male,41,48202,Bachelors,Finance Analyst,44000
Michele,Davenport,Female,58,48250,Bachelors,Team Leader,59000
Karen,Joseph,Female,42,48218,High School Graduate,Finance Analyst,47000
Nicole,Aguirre,Female,26,48230,Masters,Accountant,38000
Rebekah,Sandoval,Female,39,48283,High School Graduate,Human Resource Recruiter,34000
Nancy,Daniel,Female,59,48148,Bachelors,Training and Development Specialist,42000
Joseph,Flynn,Male,39,48174,High School Graduate,Administrative Assistant,42000
Chelsea,Cortez,Female,57,48222,Bachelors,Finance Analyst,50000
Mark,Fernandez,Male,35,48151,High School Graduate,IT Specialist,39000
Larry,Hull,Male,41,48252,Doctorate,Training and Development Specialist,37000
Richard,Vazquez,Male,61,48274,High School Graduate,IT Specialist,49000
Stephanie,Savage,Female,27,48276,Masters,Executive Assistant,37000
Erin,Valencia,Female,45,48176,Masters,Sales Support Specialist,41000
Stephen,Aguilar,Male,25,48228,Masters,Administrative Assistant,35000
Tammy,Thompson,Female,34,48275,High School Graduate,Human Resource Recruiter,34000
Rebekah,Sanchez,Female,45,48171,Masters,Software Engineer,46000
James,Romero,Male,25,48233,High School Graduate,Executive Assistant,36000
Jennifer,Black,Female,52,48219,Bachelors,Project Manager,55000
Brandon,Brown,Male,60,48265,Doctorate,Project Manager,64000
Misty,Nelson,Female,54,48190,High School Graduate,Project Manager,59000
Diamond,Graves,Female,45,48253,Bachelors,Accountant,48000
Peter,Nichols,Male,35,48267,Masters,Sales Support Specialist,38000
Sabrina,Bell,Female,23,48145,High School Graduate,Sales Support Specialist,32000
Stacy,Little,Female,42,48245,High School Graduate,Sales Representative,40000
Ryan,Cervantes,Male,32,48171,High School Graduate,Sales Representative,34000
Meredith,Glass,Female,66,48187,Bachelors,Manager,73000
Paul,Cole,Male,48,48255,Doctorate,Manager,70000
Bailey,Powell,Female,37,48156,Masters,Human Resource Recruiter,35000
Louis,Johnson,Male,42,48131,High School Graduate,Marketing Specialist,39000
Linda,Russell,Female,31,48145,Bachelors,Compensation and Benefits Specialist,35000
John,Jones,Male,40,48260,Doctorate,Data Analyst,42000
Angela,Wong,Female,33,48132,High School Graduate,Sales Support Specialist,36000
Derrick,Moore,Male,50,48283,Masters,Legal Consultant,52000
Sharon,Brown,Female,54,48205,High School Graduate,Training and Development Specialist,39000
Michael,Morrow,Male,57,48228,Bachelors,Manager,70000
Stephanie,Hopkins,Female,54,48254,Bachelors,Project Manager,56000
Amy,Kim,Female,45,48193,High School Graduate,Human Resource Recruiter,38000
Shelly,Jenkins,Female,53,48160,Bachelors,Project Manager,55000
Joseph,Newton,Male,37,48170,Masters,Team Leader,55000
Laura,Ward,Female,55,48225,High School Graduate,Training and Development Specialist,41000
Kevin,Marshall,Male,55,48171,High School Graduate,Project Manager,56000
Faith,Jones,Female,31,48264,Bachelors,Data Analyst,40000
David,Carney,Male,32,48284,High School Graduate,Customer Service Representative,37000
Eileen,Bailey,Female,44,48281,Bachelors,Project Manager,57000
William,Garcia,Male,55,48184,Bachelors,Legal Consultant,55000
Dawn,Bennett,Female,25,48253,Bachelors,Human Resource Recruiter,27000
Julie,Sullivan,Female,63,48157,Bachelors,Manager,69000
Donald,Hernandez,Male,33,48252,Bachelors,Finance Analyst,42000
Kristi,Jackson,Female,43,48239,Doctorate,Team Leader,53000
April,Malone,Female,35,48239,Masters,Training and Development Specialist,32000
Pamela,Ward,Female,47,48174,High School Graduate,Compensation and Benefits Specialist,42000
Stephen,Moore,Male,32,48197,Masters,Data Analyst,39000
Stephanie,Maldonado,Female,32,48223,Bachelors,Compensation and Benefits Specialist,37000
Meagan,Williams,Female,61,48147,Masters,Project Manager,63000
Philip,Jackson,Male,47,48273,Bachelors,Team Leader,62000
Joseph,Pierce,Male,62,48175,Bachelors,Data Analyst,51000
Amy,Phillips,Female,26,48239,Bachelors,Human Resource Recruiter,27000
Thomas,Blake,Male,57,48249,High School Graduate,Marketing Specialist,46000
Elizabeth,Rowland,Female,56,48269,Masters,Marketing Specialist,43000
Benjamin,Delgado,Male,54,48271,Masters,Legal Consultant,53000
Robert,Abbott,Male,46,48226,Doctorate,Team Leader,61000
Maria,Stevenson,Female,49,48129,Masters,Project Manager,53000
David,Patton,Male,58,48153,Bachelors,IT Specialist,47000
Michael,Berry,Male,31,48220,Masters,Legal Consultant,48000
Derek,Powers,Male,47,48239,High School Graduate,Customer Service Representative,42000
Anthony,Shaw,Male,45,48226,Masters,Legal Consultant,50000
Mary,Morgan,Female,29,48189,Masters,Compensation and Benefits Specialist,34000
Lindsay,Brown,Female,48,48167,High School Graduate,Team Leader,60000
George,Henry,Male,46,48274,Bachelors,Training and Development Specialist,37000
Sandra,Herrera,Female,32,48240,High School Graduate,Compensation and Benefits Specialist,36000
Timothy,Brooks,Male,41,48282,High School Graduate,IT Specialist,42000
Stephanie,Perkins,Female,63,48280,Masters,Manager,66000
John,White,Male,36,48162,Masters,Software Engineer,39000
Ronald,Pope,Male,37,48187,High School Graduate,Sales Representative,38000
James,Morris,Male,36,48189,Bachelors,Executive Assistant,39000
Donald,Peterson,Male,62,48214,High School Graduate,Accountant,53000
Brandon,Bond,Male,28,48272,High School Graduate,Customer Service Representative,34000
Jessica,Thompson,Female,49,48195,Masters,Finance Analyst,49000
Michael,Thompson,Male,67,48270,Masters,Legal Consultant,60000
Shawn,Smith,Male,34,48262,Masters,Administrative Assistant,38000
Kristen,Davidson,Female,41,48187,High School Graduate,IT Specialist,42000
Grant,Lee,Male,46,48281,Doctorate,Project Manager,52000
Steven,Vargas,Male,55,48144,Masters,Finance Analyst,50000
Melissa,Martin,Female,43,48188,Bachelors,Human Resource Recruiter,35000
Alexandra,Meadows,Female,29,48197,Doctorate,Sales Representative,35000
Chelsea,Brown,Female,30,48255,Masters,Data Analyst,39000
Richard,Knight,Male,57,48231,Masters,Project Manager,56000
Alicia,Grant,Female,40,48211,Bachelors,Data Analyst,46000
Katie,Leblanc,Female,51,48277,Masters,Project Manager,60000
Leslie,Hernandez,Female,43,48252,High School Graduate,Compensation and Benefits Specialist,40000
Lori,Mcbride,Female,62,48166,Masters,Project Manager,64000
Walter,Collins,Male,46,48132,Bachelors,Sales Support Specialist,41000
Kenneth,Williams,Male,50,48235,Doctorate,Manager,67000
Tina,Thomas,Female,41,48287,Bachelors,Project Manager,49000
Marissa,Chase,Female,55,48232,Doctorate,Human Resource Recruiter,41000
John,Levine,Male,49,48220,Doctorate,Project Manager,57000
Jason,Carroll,Male,47,48279,Masters,Compensation and Benefits Specialist,40000
Sarah,Smith,Female,45,48197,Bachelors,Compensation and Benefits Specialist,42000
Sharon,Singleton,Female,25,48159,Bachelors,IT Specialist,35000
Carmen,Wolfe,Female,38,48206,Masters,Executive Assistant,41000
Desiree,Lee,Female,26,48249,Bachelors,Sales Representative,34000
Jorge,Dawson,Male,48,48176,High School Graduate,Manager,68000
James,Peterson,Male,31,48217,High School Graduate,Compensation and Benefits Specialist,34000
Courtney,Andrews,Female,58,48282,Bachelors,Project Manager,61000
Lauren,Parrish,Female,61,48229,Doctorate,Manager,71000
Ruben,Smith,Male,57,48149,High School Graduate,Accountant,51000
Bridget,Anderson,Female,42,48168,High School Graduate,Compensation and Benefits Specialist,40000
Dillon,Newton,Male,36,48253,High School Graduate,Compensation and Benefits Specialist,37000
Katherine,Cross,Female,32,48161,Bachelors,Accountant,41000
Sarah,Wood,Female,51,48262,Masters,Project Manager,51000
Aaron,Lewis,Male,24,48143,High School Graduate,IT Specialist,35000
Luis,Berry,Male,55,48230,Masters,Customer Service Representative,42000
Damon,Webster,Male,59,48189,Masters,Manager,64000
Alyssa,Moore,Female,58,48248,Masters,Project Manager,59000
Joseph,Jacobs,Male,50,48183,Masters,Finance Analyst,46000
Thomas,Cruz,Male,46,48141,Bachelors,Accountant,49000
Robin,Kennedy,Female,29,48238,Bachelors,IT Specialist,36000
Elizabeth,Cisneros,Female,46,48222,Masters,Sales Representative,40000
Jon,Zimmerman,Male,56,48179,Masters,Team Leader,59000
Ebony,Wilkerson,Female,62,48251,Doctorate,Project Manager,62000
John,Williams,Male,45,48170,Masters,Project Manager,51000
Andrea,Gomez,Female,63,48268,Bachelors,IT Specialist,49000
Jessica,Rodriguez,Female,46,48288,Bachelors,Training and Development Specialist,37000
Samuel,Hawkins,Male,50,48212,High School Graduate,Marketing Specialist,43000
Travis,Curtis,Male,57,48185,High School Graduate,Training and Development Specialist,42000
Rebecca,Jackson,Female,51,48171,Bachelors,IT Specialist,45000
Amanda,Perez,Female,24,48159,Masters,Training and Development Specialist,29000
Jason,Williams,Male,35,48277,Bachelors,Compensation and Benefits Specialist,37000
Timothy,Evans,Male,38,48207,High School Graduate,Human Resource Recruiter,34000
Ricky,Williams,Male,36,48234,Masters,Software Engineer,45000
Sarah,Cook,Female,54,48175,Masters,Legal Consultant,53000
Kayla,Lynch,Female,59,48269,Bachelors,Marketing Specialist,45000
Leslie,Phillips,Male,41,48128,Bachelors,Project Manager,54000
Dawn,Hughes,Female,34,48152,High School Graduate,Human Resource Recruiter,31000
Kristi,Smith,Female,54,48147,Bachelors,Software Engineer,52000
Crystal,Jones,Female,54,48283,Bachelors,Training and Development Specialist,41000
Roy,Graves,Male,41,48199,High School Graduate,Compensation and Benefits Specialist,40000
Sandra,Caldwell,Female,22,48271,Masters,Sales Support Specialist,33000
Andrew,Murphy,Male,23,48152,High School Graduate,Customer Service Representative,32000
Sonia,Owens,Female,43,48252,Doctorate,IT Specialist,43000
Frank,Moore,Male,50,48261,Bachelors,Compensation and Benefits Specialist,42000
Thomas,Davis,Male,53,48184,Bachelors,Project Manager,56000
Isaac,Stewart,Male,63,48148,Masters,Project Manager,55000
Mandy,Pruitt,Female,25,48263,Masters,Training and Development Specialist,31000
Natalie,Church,Female,63,48138,Masters,Accountant,53000
Dominique,Reese,Female,26,48283,High School Graduate,Executive Assistant,36000
Michelle,Brown,Female,56,48170,Masters,Project Manager,62000
Laura,Wiley,Female,35,48193,Bachelors,Software Engineer,42000
Amanda,Perez,Female,33,48161,Masters,Compensation and Benefits Specialist,36000
Kimberly,Franklin,Female,28,48196,Bachelors,Training and Development Specialist,32000
Joshua,Ware,Male,58,48203,High School Graduate,Accountant,52000
James,Barrett,Male,63,48252,Masters,Accountant,51000
Joshua,Underwood,Male,41,48186,High School Graduate,Customer Service Representative,39000
Jeanne,Ellison,Female,53,48237,Bachelors,Human Resource Recruiter,37000
Ryan,Sharp,Male,38,48229,High School Graduate,Sales Representative,37000
Thomas,Alvarado,Male,63,48193,Bachelors,Legal Consultant,58000
Elizabeth,Chung,Female,59,48254,Masters,Project Manager,56000
Heather,Reed,Female,51,48181,Masters,Data Analyst,46000
Mark,Mason,Male,46,48188,Masters,Software Engineer,42000
Whitney,Perry,Female,34,48177,Doctorate,Data Analyst,45000
Timothy,Hayes,Male,57,48264,Bachelors,Project Manager,56000
Darin,Nichols,Male,55,48247,Bachelors,Training and Development Specialist,41000
Michael,Evans,Male,28,48200,Bachelors,Customer Service Representative,34000
Kevin,Kim,Male,59,48239,Masters,Human Resource Recruiter,43000
Alison,Brown,Female,51,48231,Bachelors,Project Manager,51000
James,Haynes,Male,44,48173,Doctorate,Software Engineer,39000
Brooke,Estes,Female,31,48268,Masters,Administrative Assistant,37000
Heidi,Rodriguez,Female,32,48282,Bachelors,Finance Analyst,40000
Chelsea,Knapp,Female,33,48281,Bachelors,Compensation and Benefits Specialist,36000
Sarah,Bates,Female,58,48243,Bachelors,Human Resource Recruiter,42000
Amy,May,Female,40,48281,Masters,Legal Consultant,48000
Allison,Young,Female,58,48234,Masters,Project Manager,57000
Austin,Lambert,Male,42,48283,Bachelors,Project Manager,54000
Robert,Green,Male,61,48150,Bachelors,Manager,74000
Zachary,Daniels,Male,23,48144,High School Graduate,Administrative Assistant,35000
Sarah,Gonzalez,Female,48,48150,High School Graduate,Training and Development Specialist,38000
Rebecca,Mccoy,Female,36,48243,Bachelors,Sales Representative,36000
Angela,Gallagher,Female,37,48270,High School Graduate,Sales Representative,37000
Phillip,Gray,Male,43,48232,Masters,Project Manager,50000
Derek,Jones,Male,33,48216,Bachelors,Legal Consultant,48000
Lindsey,Evans,Female,42,48249,High School Graduate,Finance Analyst,45000
David,Cole,Male,54,48193,Doctorate,Project Manager,57000
Carl,Keller,Male,41,48202,Bachelors,Training and Development Specialist,36000
Fred,Carter,Male,51,48223,Masters,Human Resource Recruiter,39000
Jessica,Hamilton,Female,32,48155,Masters,IT Specialist,38000
Jessica,King,Female,27,48283,High School Graduate,Customer Service Representative,32000
Nicole,Huang,Female,35,48265,Masters,Software Engineer,44000
Krystal,Griffith,Female,31,48220,High School Graduate,Customer Service Representative,36000
Rita,Mitchell,Female,39,48226,Bachelors,Sales Support Specialist,37000
Sheila,Hudson,Female,53,48232,Masters,Manager,64000
Madison,Tran,Female,53,48197,Doctorate,Project Manager,58000
Stacey,Vasquez,Female,56,48264,Masters,Manager,69000
Michelle,Green,Female,58,48150,Bachelors,Software Engineer,47000
Caitlin,Ryan,Female,45,48159,Bachelors,Team Leader,55000
Samantha,Thomas,Female,54,48180,High School Graduate,Customer Service Representative,43000
Nicholas,Hill,Male,64,48260,High School Graduate,Project Manager,64000
Ashley,Pacheco,Female,64,48225,High School Graduate,Project Manager,58000
Amy,Barnes,Female,44,48174,Masters,Marketing Specialist,40000
Mary,Park,Female,39,48199,Bachelors,Human Resource Recruiter,33000
Ralph,Garcia,Male,36,48141,Masters,Data Analyst,44000
Carlos,Torres,Male,52,48160,High School Graduate,Finance Analyst,48000
Ryan,Woodard,Male,42,48165,Bachelors,Sales Representative,38000
Jay,Campbell,Male,33,48259,High School Graduate,Training and Development Specialist,34000
Lisa,Jordan,Female,46,48196,Masters,Project Manager,59000
Alicia,Franklin,Female,42,48266,Masters,Sales Representative,38000
Timothy,Wade,Male,25,48229,Masters,Data Analyst,40000
Nathaniel,Jones,Male,26,48210,Bachelors,Data Analyst,38000
Louis,Everett,Male,52,48184,Bachelors,Team Leader,64000
Dillon,Flores,Male,49,48287,Masters,Project Manager,50000
David,Harper,Male,38,48132,High School Graduate,Customer Service Representative,36000
Gregory,Allison,Male,38,48196,High School Graduate,Human Resource Recruiter,32000
Michael,Gardner,Male,38,48162,Masters,Sales Representative,37000
Philip,Clark,Male,63,48219,Masters,Manager,69000
Danielle,Henderson,Female,39,48185,Bachelors,Data Analyst,42000
Jennifer,Gonzales,Female,53,48262,Masters,Project Manager,55000
William,Nguyen,Male,27,48208,Bachelors,Training and Development Specialist,30000
Sarah,Bass,Female,39,48190,High School Graduate,Administrative Assistant,41000
Evan,Long,Male,43,48192,Bachelors,Project Manager,56000
Alison,Neal,Female,27,48206,Bachelors,Sales Representative,33000
Kari,Jackson,Female,45,48245,High School Graduate,Human Resource Recruiter,35000
Steven,West,Male,41,48200,Bachelors,Data Analyst,42000
David,Alvarez,Male,42,48192,High School Graduate,Marketing Specialist,39000
Carolyn,Allen,Female,43,48163,High School Graduate,Sales Support Specialist,40000
Matthew,Douglas,Male,52,48206,High School Graduate,Training and Development Specialist,41000
Ashley,Fitzgerald,Female,38,48210,High School Graduate,Human Resource Recruiter,33000
Patricia,Medina,Female,34,48252,Bachelors,IT Specialist,39000
Lisa,Bishop,Female,29,48191,Bachelors,Data Analyst,41000
Ricardo,Marquez,Male,38,48164,Bachelors,Sales Representative,39000
Richard,Black,Male,45,48193,Bachelors,Finance Analyst,47000
John,Thomas,Male,39,48206,Bachelors,Accountant,42000
Michael,May,Male,32,48189,Masters,Legal Consultant,45000
Ray,Holland,Male,42,48250,Doctorate,Compensation and Benefits Specialist,39000
Jon,Brown,Male,27,48198,High School Graduate,Human Resource Recruiter,29000
Matthew,Leonard,Male,46,48205,Doctorate,Team Leader,63000
Brandy,Young,Female,45,48276,Masters,Training and Development Specialist,38000
Julie,Wilson,Female,49,48280,Bachelors,Sales Support Specialist,42000
Wendy,Jones,Female,48,48233,Doctorate,Legal Consultant,52000
Melissa,Brennan,Female,29,48176,High School Graduate,Executive Assistant,38000
Antonio,Mendoza,Male,36,48234,Masters,Team Leader,61000
Jeremy,Davila,Male,36,48180,High School Graduate,Customer Service Representative,38000
Tonya,Silva,Female,41,48128,High School Graduate,Customer Service Representative,40000
Paul,Camacho,Male,37,48153,Bachelors,Training and Development Specialist,35000
Brian,Rodriguez,Male,50,48190,High School Graduate,Customer Service Representative,42000
Martin,Meadows,Male,66,48250,Masters,Manager,72000
Michael,Durham,Male,62,48247,Masters,Legal Consultant,56000
Christopher,Hill,Male,62,48284,Masters,Project Manager,57000
Colin,Fernandez,Male,51,48172,Masters,Project Manager,59000
Tyler,Gonzalez,Male,51,48281,Bachelors,Manager,69000
Jeremy,Mcdonald,Male,46,48202,High School Graduate,Compensation and Benefits Specialist,40000
Kimberly,Evans,Female,44,48135,Bachelors,Training and Development Specialist,36000
Jill,Smith,Female,56,48151,Bachelors,Training and Development Specialist,40000
Aaron,Fox,Male,38,48281,Bachelors,Administrative Assistant,40000
Brian,Bishop,Male,25,48278,Bachelors,Executive Assistant,35000
Jennifer,Reynolds,Female,34,48183,High School Graduate,Administrative Assistant,39000
Edward,Huffman,Male,33,48283,High School Graduate,Administrative Assistant,39000
Hailey,Hancock,Female,27,48221,Bachelors,Administrative Assistant,37000
Austin,Chen,Male,36,48288,High School Graduate,Sales Representative,36000
Cathy,Buckley,Female,56,48151,Bachelors,Training and Development Specialist,41000
Andrew,Wall,Male,57,48253,Bachelors,Project Manager,61000
Pamela,Sanders,Female,41,48164,Masters,Project Manager,54000
Amy,Mann,Female,46,48157,Masters,Project Manager,51000
Neil,Moody,Male,57,48261,Masters,Project Manager,57000
Meghan,Nicholson,Female,31,48197,Masters,Data Analyst,39000
Jennifer,Wong,Female,28,48271,High School Graduate,Administrative Assistant,38000
Steven,Carter,Male,50,48204,Bachelors,Data Analyst,50000
Darrell,Turner,Male,24,48211,High School Graduate,Human Resource Recruiter,30000
Alicia,Skinner,Female,52,48279,Bachelors,Software Engineer,46000
Christopher,Smith,Male,52,48221,Masters,Legal Consultant,54000
Dennis,Harrison,Male,31,48219,Masters,Compensation and Benefits Specialist,36000
Stephanie,Bell,Female,37,48261,High School Graduate,IT Specialist,39000
Sharon,Arias,Female,22,48139,High School Graduate,Human Resource Recruiter,26000
William,Willis,Male,36,48133,High School Graduate,Marketing Specialist,36000
Mary,Tran,Female,36,48258,Bachelors,Compensation and Benefits Specialist,37000
Rachel,Mcdaniel,Female,48,48252,High School Graduate,Project Manager,51000
Ashley,Ortiz,Female,50,48142,Masters,Project Manager,60000
Scott,Fisher,Male,58,48237,Bachelors,Human Resource Recruiter,39000
Richard,Richard,Male,37,48249,Masters,Sales Support Specialist,39000
Raymond,Acosta,Male,64,48230,Masters,Manager,66000
Gary,Shaw,Male,39,48225,Bachelors,Accountant,46000
Russell,Graham,Male,42,48225,High School Graduate,Training and Development Specialist,35000
Laura,Williams,Female,55,48215,Masters,IT Specialist,47000
Jessica,Porter,Female,64,48239,Doctorate,Project Manager,60000
Brooke,Hughes,Female,49,48282,Masters,Manager,68000
Angela,Donaldson,Female,42,48153,High School Graduate,Customer Service Representative,40000
Brenda,Higgins,Female,37,48166,Masters,Administrative Assistant,41000
Debra,Pollard,Female,34,48218,High School Graduate,Accountant,42000
Scott,Patel,Male,43,48185,Masters,Project Manager,52000
Dana,Davis,Female,35,48271,High School Graduate,IT Specialist,39000
Jessica,Rogers,Female,47,48179,Bachelors,Legal Consultant,54000
Cindy,Frost,Female,48,48239,High School Graduate,Team Leader,63000
Luis,Wilson,Male,56,48165,Bachelors,IT Specialist,46000
John,Murphy,Male,58,48284,High School Graduate,Finance Analyst,51000
Rebecca,Berry,Female,33,48175,Masters,Training and Development Specialist,34000
Alicia,Schmidt,Female,41,48157,Bachelors,Sales Support Specialist,38000
John,Green,Male,26,48198,Masters,Administrative Assistant,37000
Jessica,Green,Female,53,48155,Masters,Project Manager,55000
Casey,Phillips,Male,63,48225,Masters,Data Analyst,53000
Xavier,Brown,Male,55,48226,Bachelors,Marketing Specialist,45000
Laura,Fuentes,Female,61,48287,Masters,Project Manager,55000
Sean,Murray,Male,62,48146,Bachelors,Data Analyst,51000
Michelle,Wells,Female,60,48136,High School Graduate,Project Manager,55000
Latoya,Hernandez,Female,31,48158,Bachelors,Human Resource Recruiter,31000
Robert,Lang,Male,23,48227,Bachelors,Human Resource Recruiter,28000
Derek,Franklin,Male,23,48199,Bachelors,Training and Development Specialist,30000
Dalton,Tyler,Male,36,48287,Masters,Administrative Assistant,40000
Carlos,Gonzalez,Male,28,48219,Masters,Data Analyst,41000
Julie,Morris,Female,66,48181,Masters,Manager,70000
Jeffrey,Martinez,Male,54,48181,High School Graduate,Sales Representative,42000
Michael,Martin,Male,40,48245,Masters,Executive Assistant,41000
Anna,Ryan,Female,38,48195,Bachelors,Customer Service Representative,37000
Ronald,Guerrero,Male,51,48225,Bachelors,Team Leader,63000
Monica,Green,Female,40,48255,Masters,Executive Assistant,41000
Jack,Greene,Male,60,48265,Bachelors,Training and Development Specialist,43000
Eric,Richardson,Male,66,48147,Bachelors,Legal Consultant,58000
Raymond,Miller,Male,64,48180,Doctorate,Legal Consultant,56000
Maria,Phillips,Female,29,48186,High School Graduate,Training and Development Specialist,32000
Dennis,Cochran,Male,33,48137,Masters,Sales Support Specialist,37000
Samantha,Jones,Female,46,48152,Masters,Project Manager,58000
Anna,Howard,Female,27,48201,Bachelors,Training and Development Specialist,31000
Jeremy,Sullivan,Male,43,48256,Bachelors,Project Manager,53000
Matthew,Watson,Male,41,48276,High School Graduate,Compensation and Benefits Specialist,40000
Crystal,Daugherty,Female,24,48200,Bachelors,Executive Assistant,34000
Zachary,Briggs,Male,45,48286,High School Graduate,Project Manager,56000
Ryan,Whitney,Male,36,48238,High School Graduate,Administrative Assistant,39000
Rachel,Elliott,Female,49,48183,High School Graduate,IT Specialist,45000
Amber,Harris,Female,47,48174,Bachelors,Project Manager,55000
Leslie,Vasquez,Female,51,48267,Bachelors,Project Manager,59000
Ryan,Smith,Male,38,48171,High School Graduate,Accountant,42000
Jason,Jones,Male,52,48240,Masters,Marketing Specialist,41000
Douglas,Bennett,Male,32,48159,Bachelors,Training and Development Specialist,33000
Nicholas,Fischer,Male,36,48147,High School Graduate,Customer Service Representative,36000
Michael,Graham,Male,33,48231,High School Graduate,Training and Development Specialist,34000
Kelly,Francis,Female,23,48217,High School Graduate,Sales Support Specialist,32000
Michael,Lopez,Male,39,48192,High School Graduate,Accountant,42000
Shannon,Cervantes,Female,65,48171,Masters,Manager,72000
Nathaniel,Wong,Male,31,48129,High School Graduate,Compensation and Benefits Specialist,36000
Kimberly,White,Female,29,48132,Doctorate,Legal Consultant,44000
Billy,Davis,Male,33,48287,High School Graduate,Administrative Assistant,38000
Amanda,Walker,Female,53,48164,High School Graduate,Manager,63000
Zachary,Lane,Male,38,48276,Doctorate,Software Engineer,39000
Aaron,Massey,Male,41,48127,High School Graduate,Compensation and Benefits Specialist,38000
Amy,Jenkins,Female,52,48153,Masters,Manager,68000
Laura,Hill,Female,59,48136,Bachelors,Manager,71000
Sharon,Ellis,Female,44,48251,Bachelors,Manager,67000
Lisa,Shannon,Female,43,48196,Masters,Project Manager,54000
Felicia,Frank,Female,54,48184,Masters,Project Manager,55000
Paul,Ferguson,Male,23,48255,High School Graduate,Administrative Assistant,35000
Emily,Frey,Female,30,48200,Masters,Compensation and Benefits Specialist,36000
Jerry,Coleman,Male,42,48129,Bachelors,Accountant,43000
Lisa,Young,Female,56,48142,High School Graduate,Project Manager,57000
Julia,Ramirez,Female,36,48191,Masters,Executive Assistant,40000
Kristen,Taylor,Female,35,48153,Doctorate,Data Analyst,44000
Amanda,Horton,Female,54,48218,Bachelors,Training and Development Specialist,40000
Dana,Smith,Female,44,48172,Bachelors,Human Resource Recruiter,34000
Christian,Norton,Male,43,48268,Masters,Software Engineer,41000
Tammy,Haley,Female,22,48197,Masters,Administrative Assistant,34000
James,Chavez,Male,41,48140,High School Graduate,IT Specialist,40000
Linda,Noble,Female,27,48220,High School Graduate,Accountant,41000
Patrick,Guerra,Male,37,48263,Bachelors,Human Resource Recruiter,36000
Anna,Gardner,Female,43,48130,High School Graduate,Customer Service Representative,41000
Mckenzie,Sanchez,Female,61,48215,Bachelors,Project Manager,58000
Janet,Jones,Female,63,48233,Doctorate,Project Manager,65000
Olivia,Payne,Female,63,48154,Bachelors,IT Specialist,49000
Bryan,Campos,Male,44,48165,Bachelors,Compensation and Benefits Specialist,40000
Tiffany,Woods,Female,57,48211,Masters,Project Manager,57000
Steven,Guzman,Male,26,48266,High School Graduate,Sales Support Specialist,34000
Heather,Marshall,Female,46,48281,Masters,Team Leader,64000
Victor,Pitts,Male,57,48128,Masters,Manager,66000
Jessica,Garza,Female,55,48198,High School Graduate,IT Specialist,47000
George,Charles,Male,48,48233,High School Graduate,Sales Support Specialist,41000
Ronald,Morgan,Male,33,48155,High School Graduate,Training and Development Specialist,32000
Gregory,Fry,Male,59,48240,High School Graduate,Training and Development Specialist,41000
Kimberly,Jones,Female,43,48211,Masters,Accountant,48000
Charles,Huffman,Male,41,48288,High School Graduate,IT Specialist,42000
Tanya,Anderson,Female,52,48284,Masters,Software Engineer,41000
Ryan,Jones,Male,31,48210,Bachelors,Executive Assistant,37000
Garrett,Kim,Male,42,48196,Masters,Data Analyst,46000
Steve,Chavez,Male,33,48238,High School Graduate,Training and Development Specialist,33000
James,Holmes,Male,37,48256,Masters,IT Specialist,40000
Amy,Burns,Female,48,48287,High School Graduate,Manager,67000
David,Moore,Male,40,48219,Masters,Human Resource Recruiter,36000
Anthony,Barry,Male,31,48202,High School Graduate,Administrative Assistant,38000
Cynthia,Leonard,Female,39,48190,Masters,Compensation and Benefits Specialist,38000
James,Foster,Male,32,48181,Bachelors,Compensation and Benefits Specialist,35000
Ronald,King,Male,57,48265,Bachelors,Software Engineer,50000
Jodi,Griffin,Female,46,48206,Masters,Software Engineer,41000
Patricia,Rangel,Female,54,48241,Masters,Software Engineer,51000
James,Williams,Male,45,48214,Bachelors,Customer Service Representative,41000
Benjamin,Sandoval,Male,44,48181,Bachelors,Accountant,46000
Michael,Johnson,Male,43,48156,Bachelors,Human Resource Recruiter,35000
Valerie,Kelley,Female,29,48214,Masters,Human Resource Recruiter,31000
Cathy,Smith,Female,46,48142,Masters,Legal Consultant,51000
Janet,Jackson,Female,37,48223,Bachelors,Compensation and Benefits Specialist,37000
Thomas,Thomas,Male,26,48284,Masters,Legal Consultant,47000
Michael,Alexander,Male,39,48255,High School Graduate,Team Leader,60000
Timothy,Webb,Male,26,48287,High School Graduate,Training and Development Specialist,30000
Matthew,Hays,Male,54,48277,High School Graduate,Accountant,50000
Holly,Rose,Female,43,48280,Bachelors,Manager,61000
Judith,Rodgers,Female,52,48144,Bachelors,Human Resource Recruiter,39000
David,Davis,Male,33,48159,Doctorate,Training and Development Specialist,33000
Patricia,Lynch,Female,25,48278,High School Graduate,Human Resource Recruiter,31000
Julie,Griffin,Female,35,48221,High School Graduate,IT Specialist,38000
Shannon,Parker,Female,35,48221,Bachelors,Accountant,44000
Devon,Anthony,Male,47,48205,High School Graduate,Accountant,45000
Eric,Carey,Male,51,48183,Bachelors,Project Manager,57000
Amy,Morris,Female,63,48219,Masters,Data Analyst,54000
Eric,Anthony,Male,27,48168,High School Graduate,IT Specialist,36000
Jessica,Vang,Female,44,48237,High School Graduate,Team Leader,56000
Pamela,Benson,Female,22,48190,Bachelors,Human Resource Recruiter,26000
Gregory,Ryan,Male,48,48265,High School Graduate,Software Engineer,41000
Justin,Gibson,Male,29,48228,High School Graduate,Compensation and Benefits Specialist,36000
Ashley,Flores,Female,62,48179,Doctorate,Project Manager,57000
Katie,Carter,Female,40,48138,Masters,Administrative Assistant,40000
Justin,Ramirez,Male,42,48274,Bachelors,Accountant,45000
Ronald,Lee,Male,53,48215,High School Graduate,Customer Service Representative,43000
Michelle,Francis,Female,30,48129,High School Graduate,Sales Support Specialist,36000
Tyler,Buchanan,Male,32,48171,Masters,Sales Representative,37000
Joseph,Harris,Male,28,48156,Bachelors,Sales Support Specialist,34000
Amber,Duncan,Female,53,48285,Bachelors,Customer Service Representative,42000
Ryan,Day,Male,25,48187,Masters,Accountant,39000
Kenneth,Melendez,Male,47,48157,Masters,Software Engineer,48000
Miranda,Rios,Female,35,48138,Bachelors,Team Leader,60000
Sheryl,Jensen,Female,53,48248,High School Graduate,Training and Development Specialist,41000
Timothy,Smith,Male,41,48264,Bachelors,Training and Development Specialist,35000
Olivia,Adams,Female,60,48137,Masters,Project Manager,56000
William,Snow,Male,56,48203,Masters,Project Manager,56000
Robin,Decker,Female,33,48225,Bachelors,Accountant,41000
Anna,Smith,Female,35,48189,Doctorate,Team Leader,58000
James,Johnson,Male,41,48142,Masters,Customer Service Representative,40000
Valerie,Miller,Female,45,48279,Masters,Software Engineer,48000
Gary,Hill,Male,55,48226,Bachelors,Project Manager,59000
Kimberly,Montoya,Female,26,48152,Masters,Customer Service Representative,35000
Andrea,Butler,Female,39,48233,Masters,Training and Development Specialist,36000
Becky,Jacobs,Female,37,48204,Bachelors,Sales Support Specialist,37000
Joshua,Anderson,Male,43,48150,Masters,Software Engineer,42000
Melissa,Jackson,Female,54,48256,Bachelors,Legal Consultant,53000
Brooke,Frank,Female,46,48274,High School Graduate,Training and Development Specialist,38000
Carlos,Franklin,Male,53,48250,Masters,Manager,65000
Nathaniel,Rodriguez,Male,51,48181,Masters,Project Manager,61000
Sean,Parker,Male,40,48261,Masters,IT Specialist,40000
Kenneth,James,Male,50,48219,High School Graduate,Compensation and Benefits Specialist,41000
Victoria,Kemp,Female,58,48177,Bachelors,Project Manager,54000
Jacob,Morris,Male,34,48288,High School Graduate,Marketing Specialist,37000
Thomas,Johns,Male,52,48165,High School Graduate,Accountant,49000
Roberto,Mcintyre,Male,23,48177,Masters,Marketing Specialist,33000
William,Sanchez,Male,34,48157,Masters,Software Engineer,36000
Todd,Duncan,Male,42,48247,High School Graduate,Customer Service Representative,40000
Kelly,Ward,Female,48,48270,Doctorate,Project Manager,59000
Regina,Holt,Female,42,48202,Masters,Manager,63000
Adam,Knox,Male,23,48187,Doctorate,Human Resource Recruiter,28000
Kathleen,Allen,Female,38,48267,Masters,Sales Support Specialist,39000
Lisa,Patterson,Female,60,48176,Bachelors,Legal Consultant,58000
Gregory,Reyes,Male,29,48139,Masters,Training and Development Specialist,31000
Tiffany,Lee,Female,44,48160,High School Graduate,Sales Representative,40000
Kelly,Ellis,Female,56,48286,Bachelors,IT Specialist,48000
Anthony,Daniels,Male,48,48148,Doctorate,Project Manager,57000
Kristine,Norris,Female,42,48276,Bachelors,Training and Development Specialist,38000
Kevin,Wright,Male,32,48211,High School Graduate,Sales Representative,36000
Ashley,Gibbs,Female,26,48251,Doctorate,Administrative Assistant,37000
Samuel,Carter,Male,42,48267,Masters,Data Analyst,43000
Jamie,Waters,Female,40,48194,High School Graduate,Sales Representative,40000
Karen,Duran,Female,22,48145,High School Graduate,Human Resource Recruiter,28000
Susan,Simmons,Female,59,48196,Masters,Data Analyst,51000
Tyler,Nelson,Male,40,48257,Doctorate,Administrative Assistant,41000
Carrie,Allen,Female,31,48272,Bachelors,Accountant,40000
Bryan,Harper,Male,56,48200,High School Graduate,Finance Analyst,48000
Rebecca,Mcneil,Female,50,48190,High School Graduate,IT Specialist,45000
Jeremy,Colon,Male,37,48173,Masters,Administrative Assistant,40000
Michael,Ramos,Male,59,48128,Bachelors,Legal Consultant,58000
Eric,Morales,Male,55,48149,Masters,Accountant,49000
Robert,Carter,Male,36,48244,Bachelors,Human Resource Recruiter,32000
David,Harris,Male,43,48208,High School Graduate,Customer Service Representative,38000
Heather,Martin,Female,56,48271,High School Graduate,Accountant,50000
Deborah,Smith,Female,24,48223,Bachelors,Human Resource Recruiter,31000
Rachel,Flores,Female,58,48256,Bachelors,Finance Analyst,53000
Gary,Hill,Male,32,48208,Doctorate,Legal Consultant,45000
Ashley,Morris,Female,62,48254,Masters,Manager,69000
Julie,Horne,Female,34,48203,Masters,Data Analyst,41000
Frank,Perry,Male,33,48270,High School Graduate,Marketing Specialist,35000
Jennifer,Marshall,Female,61,48167,Bachelors,Accountant,50000
Luis,Estrada,Male,55,48253,High School Graduate,Marketing Specialist,43000
Emily,Foster,Female,52,48136,Bachelors,Training and Development Specialist,41000
Matthew,Gallagher,Male,45,48229,Masters,Team Leader,54000
Dylan,Johnson,Male,38,48135,Bachelors,Executive Assistant,40000
William,Wheeler,Male,41,48187,High School Graduate,Human Resource Recruiter,34000
Kelly,Brooks,Female,50,48182,Masters,Customer Service Representative,41000
Nicole,Reyes,Female,49,48231,High School Graduate,Customer Service Representative,41000
Vanessa,Ward,Female,44,48240,High School Graduate,Sales Representative,39000
Todd,Johnson,Male,23,48141,Masters,Executive Assistant,35000
Janet,Hayes,Female,26,48193,High School Graduate,Executive Assistant,35000
Jonathan,Martin,Male,39,48205,Masters,Data Analyst,43000
Nathan,Hernandez,Male,33,48192,Masters,Data Analyst,41000
Brenda,Santana,Female,37,48185,Bachelors,Human Resource Recruiter,32000
Jessica,Hutchinson,Female,41,48216,Masters,Project Manager,52000
Herbert,Barry,Male,35,48205,High School Graduate,Training and Development Specialist,33000
Bradley,Sellers,Male,29,48157,High School Graduate,Sales Representative,35000
Tracy,Sandoval,Female,57,48276,High School Graduate,Training and Development Specialist,41000
Craig,Rivers,Male,46,48131,Bachelors,Data Analyst,47000
Debra,Berry,Female,28,48191,Bachelors,Compensation and Benefits Specialist,36000
John,Moses,Male,49,48275,Bachelors,Accountant,46000
Mark,Aguirre,Male,56,48225,Masters,Human Resource Recruiter,41000
Jennifer,Baker,Female,59,48170,Masters,Data Analyst,53000
George,Johnston,Male,46,48249,Bachelors,Training and Development Specialist,38000
Phillip,Mullins,Male,44,48171,Bachelors,IT Specialist,43000
Shelby,Johnston,Female,41,48187,Masters,Team Leader,61000
Kristen,Simmons,Female,35,48232,High School Graduate,Marketing Specialist,38000
Elizabeth,Reese,Female,47,48160,Bachelors,Sales Support Specialist,41000
Bobby,Lucas,Male,56,48157,Doctorate,Marketing Specialist,46000
Christopher,Williams,Male,30,48162,Masters,Marketing Specialist,36000
Katrina,Simon,Female,49,48234,Bachelors,Compensation and Benefits Specialist,42000
Katrina,Leach,Female,46,48179,Bachelors,Data Analyst,45000
Roger,Baldwin,Male,35,48241,High School Graduate,Customer Service Representative,38000
Mitchell,Wilcox,Male,41,48142,Masters,Finance Analyst,44000
Hunter,Hartman,Male,31,48147,Bachelors,Executive Assistant,38000
Alexander,Carney,Male,30,48150,Masters,Compensation and Benefits Specialist,36000
Christopher,Sullivan,Male,33,48207,Masters,Administrative Assistant,39000
Helen,Phillips,Female,46,48264,Masters,Project Manager,57000
Brandon,Crosby,Male,28,48239,High School Graduate,Marketing Specialist,33000
Todd,Ho,Male,40,48132,Masters,Project Manager,53000
Levi,Jackson,Male,34,48226,High School Graduate,IT Specialist,38000
Madeline,Orr,Female,58,48184,Masters,Software Engineer,49000
Evelyn,Miller,Female,30,48241,Masters,Marketing Specialist,36000
Michael,Bowers,Male,34,48271,Bachelors,Data Analyst,41000
Jennifer,Hudson,Female,24,48233,Masters,Training and Development Specialist,31000
Michael,Mills,Male,51,48222,Masters,Legal Consultant,54000
Stephen,Green,Male,43,48253,Bachelors,Sales Support Specialist,39000
Charlotte,Acosta,Female,40,48202,Masters,Accountant,47000
Steven,Horne,Male,35,48171,High School Graduate,Sales Support Specialist,38000
Charles,Watson,Male,47,48165,Masters,Finance Analyst,47000
David,Kelley,Male,44,48229,Masters,Project Manager,54000
Donald,Wolfe,Male,56,48279,Bachelors,Project Manager,59000
John,Sherman,Male,46,48261,Bachelors,Human Resource Recruiter,36000
Madison,Arias,Female,50,48168,Masters,Manager,69000
Hailey,Ball,Female,38,48276,Masters,Legal Consultant,51000
Kenneth,Henry,Male,43,48143,High School Graduate,Finance Analyst,48000
Denise,Cruz,Female,51,48205,High School Graduate,Human Resource Recruiter,40000
Rhonda,Leonard,Female,30,48136,Masters,Software Engineer,39000
Michael,Douglas,Male,36,48165,High School Graduate,Accountant,42000
Jennifer,Hartman,Female,49,48159,Masters,Sales Representative,43000
Noah,Pitts,Male,59,48244,Masters,Project Manager,54000
Rachel,Silva,Female,35,48168,Bachelors,Administrative Assistant,39000
Nicole,Jones,Female,52,48190,High School Graduate,Customer Service Representative,42000
Tiffany,Reyes,Female,27,48256,High School Graduate,Sales Support Specialist,33000
Christopher,Williams,Male,43,48254,Masters,Project Manager,54000
Megan,Harris,Female,28,48201,Masters,Data Analyst,42000
Patrick,Murphy,Male,29,48266,Bachelors,Human Resource Recruiter,28000
Jennifer,Cox,Female,33,48248,Masters,Software Engineer,43000
Patricia,Murillo,Female,33,48138,High School Graduate,Training and Development Specialist,32000
Thomas,Jones,Male,37,48164,Bachelors,Compensation and Benefits Specialist,38000
Bryan,Perkins,Male,48,48151,Bachelors,Manager,69000
Samantha,Carson,Female,47,48217,Bachelors,Project Manager,55000
Matthew,Phelps,Male,27,48158,High School Graduate,Customer Service Representative,33000
Kristopher,Romero,Male,29,48248,High School Graduate,Executive Assistant,38000
Alicia,Petersen,Female,37,48146,Bachelors,Accountant,44000
Cathy,Rogers,Female,34,48282,High School Graduate,Finance Analyst,45000
Lauren,Carter,Female,25,48287,Masters,Executive Assistant,36000
Tiffany,Huerta,Female,41,48152,High School Graduate,Compensation and Benefits Specialist,39000
Brian,Carson,Male,61,48177,Bachelors,Project Manager,56000
Ivan,Howard,Male,42,48283,Bachelors,IT Specialist,41000
Holly,Khan,Female,36,48180,High School Graduate,Training and Development Specialist,34000
Dennis,Santana,Male,48,48287,Masters,Accountant,47000
Michael,Robinson,Male,42,48203,Masters,Marketing Specialist,40000
Alexis,Holland,Female,58,48128,High School Graduate,IT Specialist,48000
Leslie,Thompson,Female,65,48261,Masters,Legal Consultant,60000
Brian,Mckay,Male,38,48129,High School Graduate,Human Resource Recruiter,32000
Jo,Hammond,Female,36,48258,Masters,Executive Assistant,39000
Alicia,Adams,Female,31,48174,High School Graduate,Compensation and Benefits Specialist,35000
Jessica,Howard,Female,27,48189,High School Graduate,Sales Support Specialist,35000
Lisa,Shepard,Female,50,48266,Bachelors,Sales Representative,41000
Kellie,Mclean,Female,50,48282,Masters,Project Manager,57000
Joshua,Mueller,Male,58,48249,High School Graduate,Accountant,53000
Daniel,Perry,Male,28,48207,Masters,Data Analyst,39000
Justin,Jones,Male,44,48246,High School Graduate,Customer Service Representative,39000
Richard,Harris,Male,57,48130,Masters,Human Resource Recruiter,41000
Victor,Hernandez,Male,46,48269,Masters,Project Manager,55000
Justin,Bentley,Male,55,48148,Bachelors,Project Manager,61000
Kevin,Owens,Male,26,48175,High School Graduate,Sales Representative,33000
Robert,Mcdonald,Male,61,48227,Masters,Project Manager,60000
Kirsten,Meyers,Female,41,48128,Bachelors,Data Analyst,47000
Charles,Walker,Male,49,48209,Masters,Team Leader,60000
Alec,Fields,Male,51,48167,Doctorate,Project Manager,61000
Samantha,Salazar,Female,52,48207,Bachelors,Project Manager,52000
Joseph,Love,Male,32,48283,High School Graduate,Finance Analyst,43000
Aaron,Jones,Male,28,48143,High School Graduate,Administrative Assistant,37000
David,Sanchez,Male,45,48145,Masters,Manager,65000
Bruce,Murillo,Male,32,48216,High School Graduate,Sales Representative,35000
Mary,Erickson,Female,59,48136,Bachelors,Legal Consultant,56000
Randy,Smith,Male,32,48260,Masters,Legal Consultant,49000
Brian,Williams,Male,23,48142,Bachelors,Marketing Specialist,32000
Timothy,Randall,Male,32,48207,Bachelors,IT Specialist,39000
Philip,Mills,Male,63,48242,Bachelors,IT Specialist,48000
Tyler,Maldonado,Male,30,48224,High School Graduate,Customer Service Representative,36000
Anthony,Gordon,Male,41,48201,Bachelors,Compensation and Benefits Specialist,38000
Jenna,Walker,Female,29,48194,High School Graduate,Sales Representative,34000
William,Murray,Male,47,48170,High School Graduate,Compensation and Benefits Specialist,42000
Randy,Davis,Male,34,48194,Masters,Executive Assistant,39000
David,Johnson,Male,42,48213,High School Graduate,Finance Analyst,43000
Michael,Logan,Male,37,48131,High School Graduate,Human Resource Recruiter,36000
Holly,Oneal,Female,25,48264,High School Graduate,Compensation and Benefits Specialist,34000
Katelyn,Carr,Female,53,48196,Masters,Software Engineer,48000
Chloe,Miller,Female,38,48194,Bachelors,Sales Representative,37000
Shawn,Blackburn,Male,41,48189,Bachelors,Sales Representative,39000
Charles,Moore,Male,31,48177,High School Graduate,Human Resource Recruiter,31000
Jason,Malone,Male,39,48278,Masters,Compensation and Benefits Specialist,38000
Johnathan,Potts,Male,30,48280,Bachelors,Data Analyst,39000
Matthew,Owens,Male,28,48170,High School Graduate,Human Resource Recruiter,29000
Alexander,Avila,Male,55,48258,High School Graduate,Sales Representative,45000
Kimberly,House,Female,37,48187,Masters,Data Analyst,45000
Catherine,Perez,Female,26,48230,High School Graduate,Administrative Assistant,36000
Larry,Marshall,Male,64,48222,Doctorate,Project Manager,64000
Pamela,Gonzalez,Female,32,48140,Masters,Training and Development Specialist,33000
Isaac,Chandler,Male,63,48278,High School Graduate,Manager,74000
Shannon,Ferguson,Female,50,48280,Masters,Project Manager,59000
Michael,Anderson,Male,24,48137,High School Graduate,Customer Service Representative,31000
Johnny,Johnson,Male,34,48255,High School Graduate,Finance Analyst,42000
Cindy,Stokes,Female,43,48259,Bachelors,Marketing Specialist,41000
Jason,Jackson,Male,41,48138,Bachelors,Project Manager,48000
Jennifer,Morales,Female,32,48214,Masters,Executive Assistant,38000
Ronald,Gonzalez,Male,41,48272,Masters,Finance Analyst,46000
John,Moon,Male,56,48224,High School Graduate,IT Specialist,46000
Kathryn,Hicks,Female,36,48168,Masters,Software Engineer,39000
Joe,Thompson,Male,42,48214,Bachelors,Software Engineer,40000
Brian,Hardy,Male,42,48242,Masters,Accountant,45000
Christina,Randolph,Female,22,48256,Doctorate,Human Resource Recruiter,26000
Susan,Herrera,Female,55,48287,Masters,Training and Development Specialist,40000
Derrick,Roman,Male,43,48194,Masters,Finance Analyst,48000
Todd,Howe,Male,56,48273,Masters,Team Leader,66000
Joseph,Jensen,Male,52,48276,Bachelors,Data Analyst,47000
Harold,Wilson,Male,30,48257,Bachelors,Sales Representative,36000
Christopher,Williams,Male,45,48225,Bachelors,Accountant,49000
Lindsey,Taylor,Female,38,48244,Bachelors,Training and Development Specialist,36000
Sandy,Hicks,Female,30,48215,High School Graduate,Customer Service Representative,36000
Courtney,Long,Female,48,48140,High School Graduate,Finance Analyst,46000
Jennifer,Austin,Female,63,48160,Masters,Project Manager,56000
Michael,Taylor,Male,28,48207,Masters,Administrative Assistant,36000
Johnathan,Lowe,Male,34,48244,High School Graduate,IT Specialist,40000
Sylvia,Li,Female,23,48146,Masters,Executive Assistant,36000
April,Munoz,Female,34,48261,Masters,Administrative Assistant,40000
Bryan,Hansen,Male,52,48158,Masters,Project Manager,54000
Tracy,Perez,Female,28,48189,Bachelors,Data Analyst,39000
James,Carter,Male,31,48128,Masters,Data Analyst,44000
Jennifer,Wilson,Female,53,48284,Doctorate,Team Leader,66000
Emily,Young,Female,42,48248,Masters,Software Engineer,39000
Bobby,Brown,Male,45,48159,Masters,Data Analyst,48000
Derrick,Espinoza,Male,50,48184,Doctorate,Project Manager,59000
Adam,Collier,Male,37,48223,Doctorate,Executive Assistant,39000
Jeremy,Hartman,Male,47,48130,Masters,Sales Representative,41000
Christina,Bowen,Female,23,48274,Masters,Sales Support Specialist,33000
Adam,Lopez,Male,63,48262,Bachelors,Project Manager,55000
Timothy,Wagner,Male,46,48241,Masters,Sales Support Specialist,40000
Joshua,Hill,Male,37,48235,High School Graduate,Human Resource Recruiter,34000
Austin,Brown,Male,51,48198,Doctorate,Manager,67000
Alexa,Cross,Female,46,48261,Bachelors,Finance Analyst,47000
Jonathan,Gray,Male,37,48204,High School Graduate,Customer Service Representative,38000
Donald,Chaney,Male,45,48281,Bachelors,Software Engineer,43000
Andrea,Clark,Female,41,48133,Bachelors,Legal Consultant,52000
Jenna,Leonard,Female,40,48207,High School Graduate,Customer Service Representative,38000
Michael,Bonilla,Male,51,48238,Bachelors,Software Engineer,43000
Laura,Gomez,Female,28,48187,High School Graduate,Sales Representative,35000
Melissa,Reyes,Female,68,48164,Bachelors,Manager,77000
Jill,Hartman,Female,48,48167,Masters,Marketing Specialist,41000
Sarah,Obrien,Female,35,48251,Masters,Software Engineer,39000
Beth,Davidson,Female,40,48165,Masters,Data Analyst,43000
Rebecca,Aguirre,Female,56,48195,Bachelors,Human Resource Recruiter,39000
Jessica,Meyer,Female,60,48255,Masters,Marketing Specialist,44000
Jacob,Smith,Male,56,48197,Masters,Project Manager,62000
John,Jenkins,Male,64,48157,Masters,Manager,67000
Dawn,Miles,Female,34,48229,Bachelors,Executive Assistant,39000
Daniel,Santos,Male,41,48287,Masters,Accountant,44000
Anthony,Moreno,Male,54,48246,Masters,Human Resource Recruiter,41000
Elizabeth,Sosa,Female,45,48129,Bachelors,Legal Consultant,49000
Gordon,Stevens,Male,53,48199,Masters,Software Engineer,44000
Caleb,Harrell,Male,44,48185,Masters,Compensation and Benefits Specialist,39000
James,Guzman,Male,58,48282,High School Graduate,Training and Development Specialist,41000
Richard,Sanders,Male,44,48270,Masters,Project Manager,57000
Adam,Cameron,Male,45,48157,Bachelors,Accountant,44000
Daniel,Huerta,Male,36,48264,High School Graduate,Team Leader,54000
Christopher,Garcia,Male,32,48177,Bachelors,Accountant,44000
Mallory,Jones,Female,39,48207,High School Graduate,Administrative Assistant,41000
Kathryn,Booth,Female,32,48204,Masters,Sales Support Specialist,35000
Victoria,Gonzalez,Female,24,48187,Masters,Training and Development Specialist,31000
Shawn,Krueger,Male,59,48166,Bachelors,Training and Development Specialist,42000
Jesus,Alexander,Male,58,48194,Bachelors,Manager,65000
Christopher,Ramirez,Male,64,48234,Bachelors,Project Manager,59000
Lisa,Sullivan,Female,50,48130,Bachelors,Legal Consultant,52000
Troy,Price,Male,43,48260,Masters,Marketing Specialist,38000
Carla,Campbell,Female,53,48159,Doctorate,Team Leader,66000
Tracy,Garcia,Female,22,48262,Bachelors,Executive Assistant,35000
Dana,Guerrero,Female,25,48217,High School Graduate,IT Specialist,36000
Robert,Young,Male,47,48170,Masters,Data Analyst,48000
Brooke,Alexander,Female,38,48186,Bachelors,Sales Representative,38000
Erin,Russell,Female,30,48221,High School Graduate,IT Specialist,37000
Elizabeth,Johnston,Female,32,48161,Bachelors,Legal Consultant,47000
